{"app_id": "com.catchoom.CraftARSDK-Examples", "tokens": ["augmentedreality", "craftarexamples1"], "last-modified": "1499785724", "name": "AR SDK Examples", "uuid": "6b1bbcbf54c140abb0f6a0b9dbed07bb", "image_template": "https://crs-beta-catchoom.s3.amazonaws.com/cache/collections/{collection_uuid}/images/{item_uuid}_{image_uuid}_thumb_120.jpe", "items": {"6a35543412374986a0d3942e65bfbab2": {"name": "AR programmatically", "url": "", "custom": "", "content": {"contents_v2": [], "version": 2}, "images": ["b887b0be7c7343668586e407204a708a"], "trackable": true}, "37fa4f2d80ba4960b2081508126c4de1": {"name": "Recognition only", "url": "http://catchoom.com/product/craftar-augmented-reality-image-recognition/#craftar-two-ways", "custom": "", "content": null, "images": ["f5eda0b025cb45f5b969fb41783c21de"], "trackable": false}, "1fac1d74f7d54585bce01549549349a4": {"name": "AR from CraftAR", "url": "", "custom": "", "content": {"contents_v2": [{"hyperlink_url": "http://catchoom.com", "scale": [1.2000000476837158, 1.2000000476837158, 1], "uuid": "26E1F73B-4F77-4F5D-8047-82AD2BF7538C", "button_url": "media/26E1F73B-4F77-4F5D-8047-82AD2BF7538C/button-cc.jpg", "rotation_euler": [0, 0, 0], "button_pressed_url": "media/26E1F73B-4F77-4F5D-8047-82AD2BF7538C/button-cc-presset.jpg", "alpha": 1, "translation": [-174.3243865966797, 273.7102355957031, 0], "type": "image_button", "rotation_matrix": [1, 0, 0, 0, 0, 1, 0, 0, 0, 0, 1, 0, 0, 0, 0, 1]}, {"scale": [1.01, 1.01, 4.7], "uuid": "4547282F-5809-4A24-8807-64CC1C8EABB8", "video_url": "media/4547282F-5809-4A24-8807-64CC1C8EABB8/Catchoom_90sec_FinalJun03_lowres_Cellular.m4v", "rotation_euler": [0, 0, 0], "alpha": 1, "translation": [0, -4.9316229820251465, 0], "type": "video", "rotation_matrix": [1, 0, 0, 0, 0, 1, 0, 0, 0, 0, 1, 0, 0, 0, 0, 1]}], "version": 2}, "images": ["05106558285c4f9598cbcb9647ecc413"], "trackable": true}}, "index_template": "https://48a9ff3c9ed24e9d455d-d632e246998d242b61b7539cab4293fe.ssl.cf5.rackcdn.com/bundles/6b1bbcbf54c140abb0f6a0b9dbed07bb/ODIRAR-2/com.catchoom.CraftARSDK-Examples/files/{item_uuid}_{image_uuid}.index_s", "sdk_version": "ODIRAR-2", "tracking_template": "https://48a9ff3c9ed24e9d455d-d632e246998d242b61b7539cab4293fe.ssl.cf5.rackcdn.com/bundles/6b1bbcbf54c140abb0f6a0b9dbed07bb/ODIRAR-2/com.catchoom.CraftARSDK-Examples/files/{item_uuid}.ctf", "pubkey": "-----BEGIN PUBLIC KEY-----\r\nMIIBIjANBgkqhkiG9w0BAQEFAAOCAQ8AMIIBCgKCAQEAxZjUCs33QUnNEzGv9ezm\r\nPiW5DNCdijbx3J+us1t9h7fehF9Mh/dS2J+wNHK0CAArEgZyUJPN0WsIN+nCfHAe\r\nOamLbeABa+7Y2p0EvW8tJFkLEi8Xvh4IixqKPQtnoqjOV/DZr6wBFXSQD7bajlPJ\r\nQRfKcKSmGBF5zSwTq+yWLzQNpyJWbJMhWajOjtxDI6dHDQ2Zc5+6luLmT/rwajdh\r\ngJpxYSXlCcShYiAFVcDWyUBPX7I6cUVHSIFWuY8IEKlWraQp6ej0XE5lb9lAwPyH\r\nIjLD7GWv4AHeRRKhboaPObWOvtJOQ82kL6iUdPP49Vbw/HXHLZBhkJ9xAazIt1Og\r\n5QIDAQAB\r\n-----END PUBLIC KEY-----"}