{"tokens": ["f14260016616458c"], "last-modified": "1443692258", "sdk_version": "ARSDK-4", "uuid": "77bc50f2c23f4f57b37f0ceff0f1d5f2", "image_template": "https://crs-beta-catchoom.s3.amazonaws.com/cache/collections/{collection_uuid}/images/{item_uuid}_{image_uuid}_thumb_120.jpe", "items": {"e11fbe6e9cf342ec950cac6e0f4c5cff": {"name": "Living room", "url": "", "custom": null, "content": {"contents_v2": [{"scale": [0.7273330476340518, 0.7273330476340518, 0.7273330476340518], "uuid": "326750D1-4DEE-4FDB-BF34-5A4DAAADA38B", "video_url": "media/ccf0e08bc9fe4a54a68fe1e28cbc8c0c/Catchoom_90sec_FinalJun03_lowres_Cellular.m4v", "media_uuid": "ccf0e08bc9fe4a54a68fe1e28cbc8c0c", "rotation_euler": [0, 0, 0], "alpha": 1, "translation": [-67.42514998374637, -82.56006833561449, 0], "type": "video", "rotation_matrix": [1, 0, 0, 0, 0, 1, 0, 0, 0, 0, 1, 0, 0, 0, 0, 1]}, {"button_pressed_url": "media/1A1FCAFF-1956-40B2-A97A-4D074E6E173E/button-cc-presset.jpg", "hyperlink_url": "http://catchoom.com", "rotation_matrix": [1, 0, 0, 0, 0, 1, 0, 0, 0, 0, 1, 0, 0, 0, 0, 1], "type": "image_button", "rotation_euler": [0, 0, 0], "scale": [1, 1, 1], "alpha": 1, "translation": [-193.36118974549174, 189.0711689092765, 0], "button_url": "media/1A1FCAFF-1956-40B2-A97A-4D074E6E173E/button-cc.jpg", "uuid": "1A1FCAFF-1956-40B2-A97A-4D074E6E173E"}], "version": 2}, "images": ["23a7fa47bab048ceaf9af679b55604a1"], "trackable": true}}, "pubkey": "-----BEGIN PUBLIC KEY-----\nMIIBIjANBgkqhkiG9w0BAQEFAAOCAQ8AMIIBCgKCAQEAxZjUCs33QUnNEzGv9ezm\nPiW5DNCdijbx3J+us1t9h7fehF9Mh/dS2J+wNHK0CAArEgZyUJPN0WsIN+nCfHAe\nOamLbeABa+7Y2p0EvW8tJFkLEi8Xvh4IixqKPQtnoqjOV/DZr6wBFXSQD7bajlPJ\nQRfKcKSmGBF5zSwTq+yWLzQNpyJWbJMhWajOjtxDI6dHDQ2Zc5+6luLmT/rwajdh\ngJpxYSXlCcShYiAFVcDWyUBPX7I6cUVHSIFWuY8IEKlWraQp6ej0XE5lb9lAwPyH\nIjLD7GWv4AHeRRKhboaPObWOvtJOQ82kL6iUdPP49Vbw/HXHLZBhkJ9xAazIt1Og\n5QIDAQAB\n-----END PUBLIC KEY-----", "app_id": "com.catchoom.CraftARSDK-Examples", "name": "SDK Examples - On-device"}